ProductID,ProductName,Category,Stock,Price
1,Product_1,Bags,121,3534.01
2,Product_2,Electronics,314,30698.54
3,Product_3,Clothing,448,7687.75
4,Product_4,Electronics,194,17573.75
5,Product_5,Accessories,175,22662.64
6,Product_6,Accessories,217,46822.18
7,Product_7,Accessories,237,604.68
8,Product_8,Accessories,31,49333.48
9,Product_9,Accessories,376,4641.92
10,Product_10,Furniture,368,24854.54
11,Product_11,Clothing,34,8333.87
12,Product_12,Bags,266,17810.66
13,Product_13,Furniture,373,37590.67
14,Product_14,Furniture,212,8480.9
15,Product_15,Clothing,437,47963.49
16,Product_16,Accessories,326,37174.18
17,Product_17,Bags,182,2572.15
18,Product_18,Accessories,23,24743.3
19,Product_19,Bags,185,46834.01
20,Product_20,Furniture,51,42352.35
21,Product_21,Electronics,483,18034.28
22,Product_22,Clothing,23,46562.2
23,Product_23,Clothing,211,36928.23
24,Product_24,Furniture,272,8232.63
25,Product_25,Electronics,464,28790.2
26,Product_26,Bags,132,18529.29
27,Product_27,Electronics,423,40261.75
28,Product_28,Accessories,324,41895.0
29,Product_29,Accessories,104,30293.4
30,Product_30,Bags,395,21461.34
31,Product_31,Furniture,37,27664.01
32,Product_32,Clothing,305,33629.39
33,Product_33,Clothing,233,1601.49
34,Product_34,Furniture,72,8859.98
35,Product_35,Bags,99,12753.15
36,Product_36,Accessories,139,18738.59
37,Product_37,Accessories,254,14628.77
38,Product_38,Bags,424,35798.4
39,Product_39,Clothing,202,49858.16
40,Product_40,Electronics,276,38463.44
41,Product_41,Clothing,28,28730.62
42,Product_42,Furniture,403,34642.19
43,Product_43,Bags,367,22885.24
44,Product_44,Bags,424,12496.72
45,Product_45,Clothing,52,35337.83
46,Product_46,Electronics,443,5352.74
47,Product_47,Bags,269,14704.29
48,Product_48,Clothing,367,31816.82
49,Product_49,Accessories,338,37619.21
50,Product_50,Clothing,273,11206.07
51,Product_51,Clothing,475,10372.69
52,Product_52,Furniture,398,8710.83
53,Product_53,Furniture,113,20155.09
54,Product_54,Furniture,262,47438.82
55,Product_55,Electronics,88,26286.64
56,Product_56,Furniture,452,9233.45
57,Product_57,Electronics,343,31997.79
58,Product_58,Accessories,99,12826.74
59,Product_59,Furniture,122,37421.79
60,Product_60,Bags,82,21585.37
61,Product_61,Accessories,332,47069.19
62,Product_62,Bags,99,36987.26
63,Product_63,Bags,155,41937.28
64,Product_64,Accessories,148,33178.84
65,Product_65,Bags,461,17121.65
66,Product_66,Bags,395,18021.64
67,Product_67,Clothing,183,47237.52
68,Product_68,Clothing,190,45400.12
69,Product_69,Clothing,247,49276.93
70,Product_70,Accessories,330,23813.17
71,Product_71,Accessories,198,17853.55
72,Product_72,Electronics,490,39529.99
73,Product_73,Furniture,228,18829.0
74,Product_74,Accessories,425,35310.68
75,Product_75,Clothing,184,15605.4
76,Product_76,Accessories,105,10776.77
77,Product_77,Electronics,246,39519.35
78,Product_78,Accessories,238,31139.2
79,Product_79,Electronics,371,29498.44
80,Product_80,Bags,110,31251.19
81,Product_81,Accessories,260,45565.51
82,Product_82,Clothing,243,13496.18
83,Product_83,Electronics,294,37408.31
84,Product_84,Clothing,88,38856.27
85,Product_85,Bags,76,12591.05
86,Product_86,Clothing,86,16436.31
87,Product_87,Furniture,449,15603.85
88,Product_88,Bags,162,35612.28
89,Product_89,Bags,149,42755.57
90,Product_90,Electronics,195,33029.24
91,Product_91,Electronics,475,29741.06
92,Product_92,Furniture,172,5484.33
93,Product_93,Electronics,92,31216.52
94,Product_94,Accessories,426,8169.25
95,Product_95,Clothing,227,2244.5
96,Product_96,Clothing,156,42723.09
97,Product_97,Clothing,74,30852.77
98,Product_98,Accessories,142,17012.1
99,Product_99,Accessories,64,15391.13
100,Product_100,Clothing,113,39729.48
101,Product_101,Accessories,499,3667.13
102,Product_102,Accessories,486,39517.62
103,Product_103,Electronics,196,36491.1
104,Product_104,Accessories,283,15287.89
105,Product_105,Clothing,129,4856.78
106,Product_106,Furniture,65,33923.21
107,Product_107,Furniture,138,37629.53
108,Product_108,Clothing,469,42260.43
109,Product_109,Bags,264,42678.43
110,Product_110,Accessories,27,37740.17
111,Product_111,Clothing,82,36257.74
112,Product_112,Furniture,494,15229.76
113,Product_113,Accessories,293,43408.19
114,Product_114,Electronics,282,185.34
115,Product_115,Accessories,432,5045.2
116,Product_116,Bags,333,14664.64
117,Product_117,Electronics,74,14065.89
118,Product_118,Clothing,293,30186.38
119,Product_119,Accessories,257,31284.65
120,Product_120,Furniture,103,28667.56
121,Product_121,Bags,195,8521.35
122,Product_122,Accessories,495,13645.3
123,Product_123,Clothing,73,3496.93
124,Product_124,Accessories,207,679.34
125,Product_125,Electronics,79,44201.3
126,Product_126,Clothing,70,45302.85
127,Product_127,Bags,34,12327.69
128,Product_128,Furniture,147,7057.51
129,Product_129,Clothing,377,3955.98
130,Product_130,Electronics,434,17854.68
131,Product_131,Electronics,89,21964.59
132,Product_132,Electronics,399,20452.54
133,Product_133,Accessories,146,41231.44
134,Product_134,Bags,60,15817.13
135,Product_135,Electronics,182,14552.28
136,Product_136,Furniture,455,48289.73
137,Product_137,Electronics,41,46965.71
138,Product_138,Accessories,37,37177.2
139,Product_139,Bags,18,25982.08
140,Product_140,Accessories,337,19851.73
141,Product_141,Clothing,318,16340.46
142,Product_142,Electronics,477,46721.61
143,Product_143,Clothing,445,2309.77
144,Product_144,Bags,102,35938.42
145,Product_145,Clothing,382,31051.28
146,Product_146,Clothing,391,36721.88
147,Product_147,Furniture,115,11873.02
148,Product_148,Electronics,396,6053.23
149,Product_149,Furniture,395,28788.01
150,Product_150,Furniture,467,46573.81
151,Product_151,Furniture,87,7079.93
152,Product_152,Clothing,97,2433.64
153,Product_153,Furniture,350,22635.07
154,Product_154,Electronics,87,35572.25
155,Product_155,Electronics,468,16068.93
156,Product_156,Accessories,210,14803.91
157,Product_157,Bags,137,9426.59
158,Product_158,Accessories,122,33153.89
159,Product_159,Accessories,129,15566.75
160,Product_160,Electronics,261,31784.54
161,Product_161,Clothing,347,7850.88
162,Product_162,Bags,211,42842.21
163,Product_163,Furniture,110,37957.05
164,Product_164,Electronics,489,33009.99
165,Product_165,Accessories,76,29482.19
166,Product_166,Accessories,138,19246.72
167,Product_167,Furniture,328,23036.97
168,Product_168,Electronics,369,38187.75
169,Product_169,Electronics,378,35958.56
170,Product_170,Furniture,364,7062.32
171,Product_171,Furniture,318,47878.93
172,Product_172,Clothing,69,20749.1
173,Product_173,Accessories,327,37719.71
174,Product_174,Furniture,184,46347.7
175,Product_175,Furniture,75,35348.03
176,Product_176,Accessories,340,15860.77
177,Product_177,Furniture,120,3115.77
178,Product_178,Accessories,293,7289.4
179,Product_179,Bags,255,42528.94
180,Product_180,Bags,422,29829.41
181,Product_181,Bags,468,38879.99
182,Product_182,Accessories,331,41581.03
183,Product_183,Clothing,81,33682.41
184,Product_184,Accessories,263,20414.34
185,Product_185,Furniture,481,35002.07
186,Product_186,Clothing,412,41892.9
187,Product_187,Furniture,71,32520.16
188,Product_188,Electronics,360,9598.84
189,Product_189,Accessories,355,39015.49
190,Product_190,Electronics,209,18479.48
191,Product_191,Bags,474,22060.72
192,Product_192,Bags,145,49394.85
193,Product_193,Clothing,13,43477.45
194,Product_194,Accessories,474,16819.44
195,Product_195,Accessories,55,23374.39
196,Product_196,Clothing,231,48249.52
197,Product_197,Bags,216,8097.26
198,Product_198,Clothing,122,1828.09
199,Product_199,Bags,278,47110.98
200,Product_200,Electronics,483,19129.36
201,Product_201,Bags,376,33112.47
202,Product_202,Clothing,100,18026.16
203,Product_203,Furniture,180,13058.31
204,Product_204,Electronics,195,38076.18
205,Product_205,Bags,319,44160.01
206,Product_206,Furniture,490,24762.01
207,Product_207,Bags,84,9734.08
208,Product_208,Clothing,69,5586.51
209,Product_209,Bags,420,11453.42
210,Product_210,Furniture,255,34155.96
211,Product_211,Electronics,460,22181.79
212,Product_212,Furniture,233,33782.81
213,Product_213,Electronics,362,3820.52
214,Product_214,Furniture,33,23557.87
215,Product_215,Accessories,137,29457.42
216,Product_216,Clothing,484,33991.35
217,Product_217,Electronics,420,44374.28
218,Product_218,Clothing,376,40367.7
219,Product_219,Accessories,434,15713.14
220,Product_220,Furniture,320,35937.14
221,Product_221,Accessories,113,41938.21
222,Product_222,Furniture,204,28821.07
223,Product_223,Electronics,37,38375.97
224,Product_224,Electronics,343,16677.49
225,Product_225,Clothing,145,44643.84
226,Product_226,Furniture,470,33643.91
227,Product_227,Bags,312,17416.01
228,Product_228,Furniture,347,16985.79
229,Product_229,Bags,50,33917.59
230,Product_230,Accessories,470,49855.92
231,Product_231,Bags,322,19275.55
232,Product_232,Accessories,291,11223.43
233,Product_233,Bags,76,26780.12
234,Product_234,Furniture,28,8560.7
235,Product_235,Electronics,19,5181.0
236,Product_236,Clothing,129,27793.8
237,Product_237,Electronics,113,23166.64
238,Product_238,Furniture,295,4875.65
239,Product_239,Clothing,122,40816.0
240,Product_240,Furniture,159,37125.12
241,Product_241,Electronics,227,13772.35
242,Product_242,Furniture,194,30258.45
243,Product_243,Furniture,356,4259.44
244,Product_244,Bags,52,34477.58
245,Product_245,Clothing,257,12315.72
246,Product_246,Clothing,342,3214.92
247,Product_247,Electronics,101,3110.21
248,Product_248,Bags,485,28399.51
249,Product_249,Furniture,82,31114.9
250,Product_250,Clothing,243,1438.87
251,Product_251,Accessories,387,21770.79
252,Product_252,Electronics,21,45578.46
253,Product_253,Accessories,134,37165.71
254,Product_254,Clothing,223,7625.45
255,Product_255,Accessories,306,42900.01
256,Product_256,Furniture,432,34318.31
257,Product_257,Accessories,114,45292.44
258,Product_258,Bags,182,23205.07
259,Product_259,Clothing,76,34200.09
260,Product_260,Clothing,454,25866.43
261,Product_261,Bags,355,49228.09
262,Product_262,Accessories,193,31277.77
263,Product_263,Bags,217,27891.98
264,Product_264,Clothing,476,47902.3
265,Product_265,Bags,219,17714.12
266,Product_266,Electronics,88,26920.24
267,Product_267,Electronics,123,36518.81
268,Product_268,Accessories,438,29525.62
269,Product_269,Bags,183,4469.82
270,Product_270,Clothing,66,15563.07
271,Product_271,Electronics,415,5942.64
272,Product_272,Electronics,59,33500.83
273,Product_273,Furniture,271,14660.36
274,Product_274,Furniture,191,32424.36
275,Product_275,Electronics,196,35887.54
276,Product_276,Clothing,44,2589.37
277,Product_277,Bags,411,37457.39
278,Product_278,Accessories,77,4310.47
279,Product_279,Accessories,223,14150.03
280,Product_280,Clothing,27,49943.44
281,Product_281,Clothing,208,7731.37
282,Product_282,Bags,402,40044.84
283,Product_283,Accessories,198,14011.7
284,Product_284,Accessories,155,34311.01
285,Product_285,Accessories,252,14431.27
286,Product_286,Accessories,155,36186.6
287,Product_287,Electronics,117,21491.64
288,Product_288,Electronics,318,7783.53
289,Product_289,Accessories,320,21943.73
290,Product_290,Accessories,269,12520.41
291,Product_291,Bags,355,15139.96
292,Product_292,Bags,231,29748.49
293,Product_293,Accessories,424,14423.01
294,Product_294,Clothing,381,40985.82
295,Product_295,Electronics,75,48359.13
296,Product_296,Bags,298,28375.04
297,Product_297,Clothing,285,993.79
298,Product_298,Accessories,406,31492.08
299,Product_299,Electronics,101,39871.59
300,Product_300,Electronics,245,21151.51
301,Product_301,Bags,206,26323.3
302,Product_302,Accessories,255,28899.01
303,Product_303,Accessories,499,42966.56
304,Product_304,Electronics,179,12438.08
305,Product_305,Accessories,38,12532.56
306,Product_306,Clothing,416,44593.15
307,Product_307,Bags,149,49325.25
308,Product_308,Accessories,281,9945.49
309,Product_309,Bags,346,4881.35
310,Product_310,Bags,469,14091.94
311,Product_311,Furniture,17,45615.34
312,Product_312,Accessories,325,12504.58
313,Product_313,Bags,219,41630.88
314,Product_314,Clothing,177,21180.63
315,Product_315,Furniture,263,48138.01
316,Product_316,Furniture,128,34551.77
317,Product_317,Bags,101,14480.21
318,Product_318,Clothing,173,13958.46
319,Product_319,Bags,161,15913.46
320,Product_320,Clothing,466,20129.92
321,Product_321,Electronics,193,19945.86
322,Product_322,Clothing,98,21939.64
323,Product_323,Bags,15,35845.46
324,Product_324,Clothing,249,44415.48
325,Product_325,Furniture,438,37169.46
326,Product_326,Electronics,188,29446.1
327,Product_327,Accessories,57,21463.56
328,Product_328,Bags,434,39137.26
329,Product_329,Bags,306,40491.87
330,Product_330,Bags,381,41547.8
331,Product_331,Furniture,188,16202.53
332,Product_332,Accessories,385,15639.15
333,Product_333,Electronics,178,45671.77
334,Product_334,Electronics,155,38370.18
335,Product_335,Bags,352,30156.47
336,Product_336,Accessories,323,13432.35
337,Product_337,Electronics,29,5226.09
338,Product_338,Bags,115,15311.22
339,Product_339,Bags,14,15250.35
340,Product_340,Accessories,263,7936.73
341,Product_341,Bags,283,5480.3
342,Product_342,Furniture,428,49724.37
343,Product_343,Electronics,169,8529.09
344,Product_344,Electronics,409,24215.74
345,Product_345,Accessories,242,49098.8
346,Product_346,Electronics,346,9575.84
347,Product_347,Accessories,436,47855.29
348,Product_348,Furniture,310,3047.37
349,Product_349,Clothing,232,42298.31
350,Product_350,Furniture,460,39500.08
351,Product_351,Bags,148,46165.75
352,Product_352,Clothing,181,33694.62
353,Product_353,Clothing,187,34064.75
354,Product_354,Electronics,149,3273.23
355,Product_355,Accessories,200,31616.12
356,Product_356,Electronics,155,7222.53
357,Product_357,Electronics,99,21870.05
358,Product_358,Clothing,344,24353.2
359,Product_359,Clothing,291,31408.41
360,Product_360,Clothing,355,29489.89
361,Product_361,Furniture,220,11695.58
362,Product_362,Accessories,412,12894.32
363,Product_363,Accessories,386,22926.83
364,Product_364,Accessories,44,11392.45
365,Product_365,Furniture,466,8012.5
366,Product_366,Clothing,351,8451.95
367,Product_367,Accessories,75,34748.57
368,Product_368,Accessories,156,24057.01
369,Product_369,Accessories,152,27367.76
370,Product_370,Clothing,492,41150.02
371,Product_371,Accessories,374,8155.72
372,Product_372,Bags,114,9324.58
373,Product_373,Accessories,58,26414.7
374,Product_374,Accessories,199,13754.81
375,Product_375,Bags,198,25847.61
376,Product_376,Bags,297,27624.82
377,Product_377,Accessories,341,1608.69
378,Product_378,Electronics,401,15442.26
379,Product_379,Bags,179,24318.18
380,Product_380,Electronics,151,33515.32
381,Product_381,Electronics,125,11556.36
382,Product_382,Electronics,428,4839.95
383,Product_383,Clothing,117,46845.35
384,Product_384,Accessories,267,4008.16
385,Product_385,Accessories,72,14783.18
386,Product_386,Accessories,482,47233.26
387,Product_387,Electronics,449,20008.49
388,Product_388,Bags,85,42990.08
389,Product_389,Bags,134,27277.15
390,Product_390,Accessories,217,3601.26
391,Product_391,Accessories,297,49704.92
392,Product_392,Clothing,150,8125.67
393,Product_393,Furniture,213,2061.5
394,Product_394,Furniture,473,38490.82
395,Product_395,Furniture,214,20391.58
396,Product_396,Clothing,32,49454.07
397,Product_397,Furniture,100,11370.94
398,Product_398,Clothing,444,11372.94
399,Product_399,Accessories,249,15933.06
400,Product_400,Furniture,480,3009.54
401,Product_401,Clothing,467,46163.81
402,Product_402,Bags,439,37760.46
403,Product_403,Clothing,476,46597.54
404,Product_404,Electronics,390,8111.84
405,Product_405,Clothing,332,35461.99
406,Product_406,Furniture,171,16875.97
407,Product_407,Electronics,469,35576.19
408,Product_408,Bags,131,18417.27
409,Product_409,Furniture,350,10631.67
410,Product_410,Clothing,93,48546.65
411,Product_411,Accessories,189,43013.99
412,Product_412,Electronics,213,3968.25
413,Product_413,Clothing,133,31749.36
414,Product_414,Accessories,91,34554.13
415,Product_415,Electronics,256,24199.25
416,Product_416,Furniture,112,39143.42
417,Product_417,Accessories,83,49780.12
418,Product_418,Electronics,70,30777.56
419,Product_419,Electronics,123,21331.99
420,Product_420,Furniture,139,12134.81
421,Product_421,Bags,238,48424.12
422,Product_422,Accessories,347,6602.75
423,Product_423,Furniture,469,11522.97
424,Product_424,Bags,267,49103.85
425,Product_425,Electronics,79,2295.04
426,Product_426,Furniture,490,4968.79
427,Product_427,Furniture,111,43525.32
428,Product_428,Bags,160,39622.45
429,Product_429,Furniture,471,21770.29
430,Product_430,Clothing,209,16671.55
431,Product_431,Clothing,117,48496.64
432,Product_432,Clothing,461,46956.51
433,Product_433,Bags,125,47514.48
434,Product_434,Bags,17,16693.8
435,Product_435,Furniture,349,1480.49
436,Product_436,Furniture,47,31373.26
437,Product_437,Bags,122,29444.11
438,Product_438,Furniture,451,26290.46
439,Product_439,Clothing,368,27588.98
440,Product_440,Bags,65,34141.92
441,Product_441,Clothing,55,7577.06
442,Product_442,Furniture,44,28359.46
443,Product_443,Accessories,26,18178.17
444,Product_444,Clothing,155,43868.18
445,Product_445,Clothing,113,23811.73
446,Product_446,Electronics,134,17984.29
447,Product_447,Bags,100,29728.64
448,Product_448,Clothing,490,32195.35
449,Product_449,Furniture,318,25899.54
450,Product_450,Clothing,494,29843.69
451,Product_451,Furniture,372,26091.45
452,Product_452,Bags,76,22075.31
453,Product_453,Clothing,489,10940.47
454,Product_454,Furniture,176,29819.82
455,Product_455,Clothing,249,40396.8
456,Product_456,Electronics,46,31356.46
457,Product_457,Clothing,215,31515.5
458,Product_458,Clothing,424,49367.28
459,Product_459,Electronics,474,14697.62
460,Product_460,Furniture,406,41863.58
461,Product_461,Bags,350,4924.13
462,Product_462,Clothing,36,33969.87
463,Product_463,Clothing,494,3874.96
464,Product_464,Bags,192,8039.23
465,Product_465,Electronics,460,26268.98
466,Product_466,Electronics,107,28173.45
467,Product_467,Bags,171,47144.55
468,Product_468,Clothing,319,4320.03
469,Product_469,Clothing,305,43239.96
470,Product_470,Furniture,59,45369.76
471,Product_471,Bags,11,31188.46
472,Product_472,Accessories,224,13202.38
473,Product_473,Furniture,293,44714.94
474,Product_474,Bags,41,26527.92
475,Product_475,Clothing,62,23787.34
476,Product_476,Bags,57,21146.13
477,Product_477,Clothing,139,34572.14
478,Product_478,Bags,242,47361.01
479,Product_479,Bags,77,3240.41
480,Product_480,Bags,440,45693.44
481,Product_481,Accessories,85,49824.06
482,Product_482,Bags,43,41668.71
483,Product_483,Accessories,177,812.59
484,Product_484,Furniture,46,39068.23
485,Product_485,Furniture,485,3810.74
486,Product_486,Furniture,355,25112.46
487,Product_487,Accessories,215,12793.93
488,Product_488,Electronics,354,8742.09
489,Product_489,Clothing,301,11215.52
490,Product_490,Bags,57,6987.8
491,Product_491,Electronics,112,10029.01
492,Product_492,Clothing,492,41058.16
493,Product_493,Accessories,116,31252.78
494,Product_494,Clothing,384,26956.24
495,Product_495,Furniture,298,5879.06
496,Product_496,Bags,391,4127.01
497,Product_497,Electronics,148,42007.56
498,Product_498,Bags,273,7776.4
499,Product_499,Furniture,383,26278.97
500,Product_500,Accessories,273,16899.82
501,Product_501,Clothing,66,35507.19
502,Product_502,Accessories,149,28552.88
503,Product_503,Bags,46,2361.59
504,Product_504,Electronics,139,25744.86
505,Product_505,Bags,279,31493.29
506,Product_506,Furniture,432,13664.69
507,Product_507,Accessories,444,37889.83
508,Product_508,Furniture,269,45403.71
509,Product_509,Furniture,257,13616.58
510,Product_510,Clothing,448,16346.38
511,Product_511,Clothing,146,2190.31
512,Product_512,Furniture,275,6324.59
513,Product_513,Accessories,85,11239.18
514,Product_514,Furniture,230,18380.71
515,Product_515,Clothing,366,40109.48
516,Product_516,Furniture,466,32812.57
517,Product_517,Clothing,222,11388.18
518,Product_518,Clothing,222,7865.59
519,Product_519,Electronics,259,25951.66
520,Product_520,Clothing,432,413.0
521,Product_521,Furniture,479,23511.55
522,Product_522,Accessories,35,44181.69
523,Product_523,Furniture,224,24723.95
524,Product_524,Electronics,340,13729.68
525,Product_525,Furniture,262,39316.68
526,Product_526,Accessories,181,4373.31
527,Product_527,Bags,423,36047.45
528,Product_528,Bags,226,32241.39
529,Product_529,Accessories,282,48966.26
530,Product_530,Accessories,10,47430.8
531,Product_531,Electronics,32,30539.44
532,Product_532,Furniture,175,39599.14
533,Product_533,Clothing,476,8891.19
534,Product_534,Furniture,322,23647.7
535,Product_535,Clothing,371,47687.72
536,Product_536,Electronics,365,43785.06
537,Product_537,Bags,15,23923.72
538,Product_538,Bags,462,46963.2
539,Product_539,Clothing,254,39057.74
540,Product_540,Clothing,479,24471.69
541,Product_541,Furniture,375,36499.82
542,Product_542,Furniture,18,49875.31
543,Product_543,Accessories,398,47776.74
544,Product_544,Bags,231,18562.23
545,Product_545,Electronics,164,28259.94
546,Product_546,Electronics,354,33597.9
547,Product_547,Electronics,474,22772.84
548,Product_548,Furniture,307,21838.47
549,Product_549,Electronics,490,5336.29
550,Product_550,Accessories,223,9581.96
551,Product_551,Clothing,366,9527.5
552,Product_552,Accessories,49,26078.51
553,Product_553,Electronics,309,6398.86
554,Product_554,Clothing,332,16095.18
555,Product_555,Electronics,181,8524.25
556,Product_556,Clothing,231,24156.18
557,Product_557,Accessories,128,4940.4
558,Product_558,Accessories,480,8887.28
559,Product_559,Bags,186,49266.35
560,Product_560,Furniture,366,46684.84
561,Product_561,Furniture,27,230.84
562,Product_562,Clothing,240,248.26
563,Product_563,Accessories,265,20546.35
564,Product_564,Electronics,445,26210.44
565,Product_565,Bags,355,22396.62
566,Product_566,Accessories,107,33573.06
567,Product_567,Accessories,444,4050.9
568,Product_568,Furniture,144,31560.71
569,Product_569,Accessories,365,42504.77
570,Product_570,Clothing,114,48524.77
571,Product_571,Furniture,63,1673.02
572,Product_572,Furniture,479,24191.16
573,Product_573,Accessories,431,14336.59
574,Product_574,Electronics,407,20407.41
575,Product_575,Bags,215,23335.41
576,Product_576,Clothing,39,47191.47
577,Product_577,Accessories,378,35703.01
578,Product_578,Clothing,463,47148.0
579,Product_579,Accessories,453,30819.04
580,Product_580,Electronics,394,10596.69
581,Product_581,Accessories,334,6015.4
582,Product_582,Accessories,118,39148.77
583,Product_583,Clothing,329,30613.47
584,Product_584,Bags,446,41515.39
585,Product_585,Furniture,52,25168.24
586,Product_586,Accessories,276,49236.89
587,Product_587,Clothing,193,8206.21
588,Product_588,Accessories,282,36163.82
589,Product_589,Furniture,114,7746.24
590,Product_590,Bags,381,3763.32
591,Product_591,Clothing,145,16271.54
592,Product_592,Electronics,388,27133.22
593,Product_593,Clothing,11,40646.4
594,Product_594,Accessories,77,1732.99
595,Product_595,Furniture,483,7655.3
596,Product_596,Furniture,52,30066.43
597,Product_597,Clothing,143,46849.52
598,Product_598,Furniture,342,34446.73
599,Product_599,Clothing,448,3278.32
600,Product_600,Electronics,486,49614.92
601,Product_601,Accessories,451,20190.31
602,Product_602,Electronics,443,27814.13
603,Product_603,Bags,133,49584.22
604,Product_604,Accessories,360,43588.56
605,Product_605,Clothing,94,7424.14
606,Product_606,Bags,363,13583.99
607,Product_607,Clothing,24,39747.93
608,Product_608,Furniture,310,22001.51
609,Product_609,Clothing,198,40469.41
610,Product_610,Accessories,138,5471.47
611,Product_611,Furniture,429,20948.16
612,Product_612,Furniture,312,26822.17
613,Product_613,Clothing,287,11040.38
614,Product_614,Furniture,177,10986.56
615,Product_615,Furniture,180,1512.35
616,Product_616,Accessories,353,25987.92
617,Product_617,Accessories,81,7231.25
618,Product_618,Electronics,382,20350.5
619,Product_619,Bags,472,42432.53
620,Product_620,Electronics,402,48222.39
621,Product_621,Electronics,147,16120.74
622,Product_622,Furniture,189,20328.07
623,Product_623,Bags,305,46964.94
624,Product_624,Accessories,383,13863.58
625,Product_625,Furniture,17,28152.91
626,Product_626,Furniture,394,37985.39
627,Product_627,Accessories,367,24141.36
628,Product_628,Accessories,280,2053.24
629,Product_629,Electronics,238,11502.54
630,Product_630,Clothing,163,3892.01
631,Product_631,Electronics,219,17507.52
632,Product_632,Electronics,91,23230.55
633,Product_633,Electronics,353,16206.29
634,Product_634,Bags,152,5337.29
635,Product_635,Accessories,31,6945.39
636,Product_636,Clothing,151,44241.29
637,Product_637,Clothing,76,46691.85
638,Product_638,Accessories,59,6034.37
639,Product_639,Furniture,168,24316.89
640,Product_640,Furniture,10,30430.89
641,Product_641,Furniture,323,21125.26
642,Product_642,Clothing,183,19658.52
643,Product_643,Furniture,308,29560.27
644,Product_644,Furniture,116,27623.88
645,Product_645,Electronics,214,43059.85
646,Product_646,Electronics,24,19180.36
647,Product_647,Accessories,241,30242.85
648,Product_648,Clothing,302,43638.26
649,Product_649,Clothing,391,19150.49
650,Product_650,Clothing,247,25920.71
651,Product_651,Accessories,145,34659.64
652,Product_652,Clothing,159,45893.56
653,Product_653,Accessories,141,27860.16
654,Product_654,Bags,327,3295.2
655,Product_655,Accessories,125,21789.84
656,Product_656,Furniture,212,34206.23
657,Product_657,Bags,38,16162.32
658,Product_658,Furniture,97,26510.22
659,Product_659,Furniture,375,15574.41
660,Product_660,Electronics,425,5900.76
661,Product_661,Electronics,158,14592.34
662,Product_662,Electronics,336,32755.43
663,Product_663,Accessories,339,29893.61
664,Product_664,Accessories,298,17063.97
665,Product_665,Electronics,401,1503.32
666,Product_666,Furniture,458,35080.69
667,Product_667,Electronics,273,7755.91
668,Product_668,Bags,437,32283.86
669,Product_669,Accessories,13,7098.96
670,Product_670,Furniture,291,5459.96
671,Product_671,Electronics,199,3092.01
672,Product_672,Clothing,84,11544.18
673,Product_673,Furniture,37,2874.54
674,Product_674,Bags,269,29259.86
675,Product_675,Clothing,412,8169.95
676,Product_676,Furniture,473,29876.6
677,Product_677,Electronics,92,11628.85
678,Product_678,Clothing,288,4841.23
679,Product_679,Bags,262,11526.87
680,Product_680,Clothing,164,33953.44
681,Product_681,Accessories,13,1639.67
682,Product_682,Accessories,175,6408.3
683,Product_683,Clothing,37,3602.9
684,Product_684,Electronics,19,5459.39
685,Product_685,Electronics,152,10546.0
686,Product_686,Accessories,57,1265.78
687,Product_687,Accessories,178,43260.04
688,Product_688,Clothing,351,42117.19
689,Product_689,Bags,140,31548.33
690,Product_690,Clothing,82,46405.01
691,Product_691,Clothing,169,45347.63
692,Product_692,Clothing,405,41311.8
693,Product_693,Electronics,74,19887.2
694,Product_694,Electronics,331,11137.85
695,Product_695,Electronics,490,34315.38
696,Product_696,Electronics,314,14063.21
697,Product_697,Clothing,129,41546.95
698,Product_698,Accessories,184,31341.75
699,Product_699,Electronics,136,12691.22
700,Product_700,Furniture,240,19571.67
701,Product_701,Furniture,135,22080.3
702,Product_702,Accessories,465,24031.22
703,Product_703,Furniture,188,36883.14
704,Product_704,Furniture,223,47897.6
705,Product_705,Clothing,434,35161.3
706,Product_706,Clothing,232,4056.02
707,Product_707,Accessories,15,14740.8
708,Product_708,Furniture,350,13973.55
709,Product_709,Clothing,88,13054.63
710,Product_710,Furniture,426,16638.72
711,Product_711,Clothing,274,11074.28
712,Product_712,Furniture,297,45855.51
713,Product_713,Furniture,37,8263.27
714,Product_714,Accessories,117,40852.64
715,Product_715,Furniture,260,1999.01
716,Product_716,Furniture,289,6405.84
717,Product_717,Furniture,417,21632.42
718,Product_718,Bags,463,45413.17
719,Product_719,Accessories,73,33356.47
720,Product_720,Electronics,497,36760.3
721,Product_721,Accessories,116,43258.64
722,Product_722,Furniture,39,47687.59
723,Product_723,Furniture,181,42348.77
724,Product_724,Clothing,310,3766.65
725,Product_725,Bags,419,19037.98
726,Product_726,Electronics,63,10203.38
727,Product_727,Furniture,361,8033.65
728,Product_728,Accessories,24,38467.19
729,Product_729,Furniture,206,29145.44
730,Product_730,Bags,451,44459.57
731,Product_731,Clothing,202,43305.79
732,Product_732,Clothing,404,33582.28
733,Product_733,Electronics,30,18656.18
734,Product_734,Bags,483,10142.43
735,Product_735,Accessories,262,39981.27
736,Product_736,Clothing,124,20129.19
737,Product_737,Accessories,25,47504.02
738,Product_738,Accessories,428,10095.57
739,Product_739,Clothing,305,31984.99
740,Product_740,Accessories,383,19533.22
741,Product_741,Electronics,27,44768.93
742,Product_742,Electronics,171,22524.3
743,Product_743,Clothing,301,43951.99
744,Product_744,Furniture,500,48774.78
745,Product_745,Accessories,218,12135.95
746,Product_746,Furniture,284,41309.59
747,Product_747,Furniture,461,39986.95
748,Product_748,Accessories,351,5380.75
749,Product_749,Clothing,372,41339.41
750,Product_750,Clothing,106,27479.53
751,Product_751,Accessories,88,15209.02
752,Product_752,Electronics,69,23803.0
753,Product_753,Furniture,208,41857.74
754,Product_754,Furniture,473,6060.65
755,Product_755,Clothing,409,9570.29
756,Product_756,Accessories,193,2124.68
757,Product_757,Clothing,445,30145.2
758,Product_758,Accessories,244,2460.97
759,Product_759,Accessories,127,48545.02
760,Product_760,Clothing,234,28143.28
761,Product_761,Furniture,44,31715.94
762,Product_762,Bags,332,45435.5
763,Product_763,Electronics,183,12949.17
764,Product_764,Bags,218,42350.17
765,Product_765,Furniture,473,34239.6
766,Product_766,Furniture,301,43989.7
767,Product_767,Accessories,390,24669.72
768,Product_768,Accessories,33,30011.72
769,Product_769,Bags,443,28219.82
770,Product_770,Bags,27,2167.37
771,Product_771,Bags,64,3903.01
772,Product_772,Accessories,239,30734.53
773,Product_773,Clothing,125,12636.91
774,Product_774,Electronics,72,47785.96
775,Product_775,Electronics,223,33670.24
776,Product_776,Clothing,190,42186.01
777,Product_777,Accessories,238,40549.13
778,Product_778,Electronics,334,29146.47
779,Product_779,Clothing,253,7199.84
780,Product_780,Accessories,59,44073.33
781,Product_781,Bags,438,28461.33
782,Product_782,Electronics,428,29091.95
783,Product_783,Furniture,252,23586.84
784,Product_784,Electronics,382,49869.16
785,Product_785,Electronics,241,35570.69
786,Product_786,Clothing,363,27992.65
787,Product_787,Clothing,248,47342.81
788,Product_788,Furniture,273,18766.7
789,Product_789,Accessories,313,28119.75
790,Product_790,Furniture,66,20793.32
791,Product_791,Electronics,137,46301.7
792,Product_792,Clothing,118,21266.03
793,Product_793,Electronics,297,7524.51
794,Product_794,Clothing,487,11356.64
795,Product_795,Electronics,24,43614.81
796,Product_796,Clothing,420,40492.9
797,Product_797,Clothing,420,16089.69
798,Product_798,Furniture,457,13343.94
799,Product_799,Electronics,260,23894.57
800,Product_800,Accessories,485,39708.41
801,Product_801,Bags,79,18928.32
802,Product_802,Clothing,278,16982.27
803,Product_803,Bags,84,36922.49
804,Product_804,Bags,400,49363.71
805,Product_805,Clothing,390,29113.27
806,Product_806,Clothing,349,39812.49
807,Product_807,Accessories,367,29598.88
808,Product_808,Furniture,382,14198.2
809,Product_809,Electronics,389,44059.67
810,Product_810,Clothing,414,47900.07
811,Product_811,Clothing,415,37615.06
812,Product_812,Bags,446,23548.94
813,Product_813,Bags,267,48259.4
814,Product_814,Furniture,36,13077.76
815,Product_815,Bags,26,10163.36
816,Product_816,Bags,107,34016.54
817,Product_817,Furniture,389,646.86
818,Product_818,Clothing,495,33879.5
819,Product_819,Electronics,225,22174.72
820,Product_820,Electronics,201,40567.04
821,Product_821,Electronics,308,7757.82
822,Product_822,Furniture,414,37935.81
823,Product_823,Bags,94,17451.7
824,Product_824,Furniture,452,5349.74
825,Product_825,Accessories,309,17424.1
826,Product_826,Accessories,141,2386.33
827,Product_827,Bags,293,39968.65
828,Product_828,Furniture,433,20579.72
829,Product_829,Electronics,93,45413.97
830,Product_830,Bags,497,21495.13
831,Product_831,Electronics,468,2966.17
832,Product_832,Bags,92,20199.67
833,Product_833,Accessories,292,8498.81
834,Product_834,Bags,257,39370.71
835,Product_835,Bags,282,35559.9
836,Product_836,Bags,136,25253.42
837,Product_837,Accessories,25,48317.16
838,Product_838,Accessories,213,32051.87
839,Product_839,Furniture,340,35586.45
840,Product_840,Bags,230,35333.39
841,Product_841,Clothing,417,34674.41
842,Product_842,Accessories,103,27714.68
843,Product_843,Clothing,194,37507.86
844,Product_844,Clothing,356,16390.36
845,Product_845,Accessories,420,17345.33
846,Product_846,Clothing,233,34016.25
847,Product_847,Clothing,351,41804.22
848,Product_848,Clothing,387,15998.57
849,Product_849,Clothing,338,7804.31
850,Product_850,Bags,171,25741.26
851,Product_851,Electronics,215,35285.62
852,Product_852,Electronics,473,780.69
853,Product_853,Bags,113,39862.97
854,Product_854,Clothing,249,48783.88
855,Product_855,Clothing,119,27710.38
856,Product_856,Electronics,479,26178.88
857,Product_857,Electronics,455,45618.39
858,Product_858,Bags,466,13920.05
859,Product_859,Furniture,339,1210.08
860,Product_860,Accessories,452,2691.15
861,Product_861,Electronics,51,3346.57
862,Product_862,Bags,382,15548.71
863,Product_863,Clothing,173,41319.68
864,Product_864,Accessories,427,48188.63
865,Product_865,Clothing,364,46338.84
866,Product_866,Bags,204,48787.59
867,Product_867,Accessories,383,32983.81
868,Product_868,Clothing,24,42598.45
869,Product_869,Electronics,358,36989.79
870,Product_870,Accessories,252,6387.74
871,Product_871,Bags,153,354.33
872,Product_872,Clothing,212,23895.18
873,Product_873,Accessories,53,43673.97
874,Product_874,Accessories,475,7840.28
875,Product_875,Electronics,443,31022.99
876,Product_876,Furniture,464,30912.25
877,Product_877,Bags,222,36642.05
878,Product_878,Furniture,441,13307.5
879,Product_879,Accessories,46,12491.28
880,Product_880,Bags,481,10331.21
881,Product_881,Bags,297,20524.86
882,Product_882,Clothing,422,16497.09
883,Product_883,Furniture,59,36909.74
884,Product_884,Electronics,145,9931.15
885,Product_885,Electronics,250,15424.87
886,Product_886,Accessories,268,2280.48
887,Product_887,Furniture,407,306.72
888,Product_888,Electronics,90,12968.24
889,Product_889,Accessories,267,43655.21
890,Product_890,Accessories,131,5952.55
891,Product_891,Accessories,252,24235.07
892,Product_892,Furniture,374,23196.52
893,Product_893,Clothing,206,48259.76
894,Product_894,Furniture,332,20538.93
895,Product_895,Electronics,185,46298.33
896,Product_896,Furniture,449,12264.55
897,Product_897,Electronics,276,12286.24
898,Product_898,Clothing,365,32008.86
899,Product_899,Accessories,149,5394.96
900,Product_900,Furniture,243,11001.3
901,Product_901,Clothing,322,24215.12
902,Product_902,Clothing,212,13647.97
903,Product_903,Bags,218,28769.18
904,Product_904,Furniture,145,36799.58
905,Product_905,Clothing,226,28125.15
906,Product_906,Bags,55,19838.08
907,Product_907,Electronics,146,31097.87
908,Product_908,Clothing,467,22420.16
909,Product_909,Accessories,499,11864.12
910,Product_910,Furniture,457,42468.23
911,Product_911,Accessories,19,40871.44
912,Product_912,Bags,179,6664.36
913,Product_913,Bags,125,2142.09
914,Product_914,Accessories,64,33854.76
915,Product_915,Clothing,438,48640.74
916,Product_916,Electronics,123,34739.33
917,Product_917,Electronics,461,15195.68
918,Product_918,Bags,253,42353.16
919,Product_919,Bags,344,18443.75
920,Product_920,Bags,231,45544.0
921,Product_921,Bags,94,4662.93
922,Product_922,Accessories,123,29884.58
923,Product_923,Bags,170,781.54
924,Product_924,Furniture,170,33742.23
925,Product_925,Clothing,430,44660.99
926,Product_926,Furniture,32,792.81
927,Product_927,Clothing,408,28151.96
928,Product_928,Electronics,109,34064.91
929,Product_929,Electronics,268,32300.13
930,Product_930,Electronics,349,31245.53
931,Product_931,Furniture,235,7075.67
932,Product_932,Electronics,237,40711.47
933,Product_933,Electronics,76,21361.97
934,Product_934,Electronics,417,49224.82
935,Product_935,Clothing,302,32044.31
936,Product_936,Accessories,143,17676.8
937,Product_937,Accessories,180,20518.6
938,Product_938,Accessories,55,40700.52
939,Product_939,Bags,228,2118.47
940,Product_940,Bags,277,28855.03
941,Product_941,Bags,130,49022.58
942,Product_942,Bags,56,28944.74
943,Product_943,Clothing,194,628.46
944,Product_944,Clothing,356,34661.19
945,Product_945,Bags,103,19453.07
946,Product_946,Furniture,81,22666.85
947,Product_947,Clothing,339,36658.95
948,Product_948,Accessories,354,24509.51
949,Product_949,Accessories,228,16075.55
950,Product_950,Furniture,435,4642.83
951,Product_951,Electronics,422,15982.45
952,Product_952,Accessories,160,38156.06
953,Product_953,Clothing,477,6866.96
954,Product_954,Clothing,421,5129.57
955,Product_955,Electronics,326,30098.09
956,Product_956,Clothing,374,18518.82
957,Product_957,Bags,72,29361.02
958,Product_958,Accessories,385,31250.88
959,Product_959,Accessories,149,49279.53
960,Product_960,Accessories,195,33113.59
961,Product_961,Clothing,365,43874.6
962,Product_962,Accessories,159,46103.36
963,Product_963,Bags,485,43826.57
964,Product_964,Clothing,94,19912.68
965,Product_965,Accessories,217,47745.81
966,Product_966,Electronics,96,18356.61
967,Product_967,Bags,471,21288.15
968,Product_968,Accessories,496,37914.15
969,Product_969,Furniture,398,27205.67
970,Product_970,Furniture,288,1018.99
971,Product_971,Accessories,26,23823.01
972,Product_972,Electronics,229,4970.98
973,Product_973,Furniture,203,10518.82
974,Product_974,Electronics,407,33182.07
975,Product_975,Clothing,129,9053.36
976,Product_976,Bags,202,27151.33
977,Product_977,Electronics,388,44413.66
978,Product_978,Clothing,167,4062.49
979,Product_979,Accessories,265,29932.36
980,Product_980,Furniture,104,47643.41
981,Product_981,Furniture,480,22920.38
982,Product_982,Accessories,99,11411.07
983,Product_983,Accessories,116,8441.79
984,Product_984,Electronics,232,33122.23
985,Product_985,Bags,313,29382.81
986,Product_986,Clothing,452,10566.98
987,Product_987,Accessories,348,39381.04
988,Product_988,Furniture,63,44988.67
989,Product_989,Bags,292,8155.85
990,Product_990,Clothing,311,21389.3
991,Product_991,Furniture,142,8717.68
992,Product_992,Clothing,459,12376.74
993,Product_993,Accessories,21,5859.06
994,Product_994,Furniture,365,35125.26
995,Product_995,Electronics,165,12555.65
996,Product_996,Furniture,356,14795.52
997,Product_997,Accessories,214,37873.63
998,Product_998,Furniture,252,14087.27
999,Product_999,Clothing,234,32725.35
1000,Product_1000,Furniture,179,20992.71
